{
  "Baseline MT": {
    "disc_r": 0.3985293333960644,
    "eff_rho": 0.6758186000232917
  },
  "D: Augmented": {
    "eff_rho": 0.6694013727182931,
    "disc_r": 0.4209769315926035,
    "disc_rho": 0.2844109990910085,
    "combined": 0.8798898385145949
  }
}